,Date,Stock Code,Product Code,Expired_Qty,Waste_Lost_Profit
0,2015-01-06,BAK-CAK,1,3,253.6400051359039
1,2015-01-06,EGG-CHI,1,5,319.8078478493888
2,2015-01-07,FRU-FRE,1,96,1605.4142858679036
3,2015-01-07,EGG-FIS,1,13,1253.5027084139888
4,2015-01-09,BAK-BRE,1,217,2553.5216824900235
5,2015-01-10,BAK-CAK,2,3,253.6400051359039
6,2015-01-10,FRU-ORG,1,12,357.42731023834335
7,2015-01-10,EGG-MUT,1,17,3582.257978003384
8,2015-01-12,FRU-FRE,2,61,1020.1069941452304
9,2015-01-13,EGG-CHI,2,1,63.96156956987776
10,2015-01-15,FRU-ORG,2,6,178.71365511917168
11,2015-01-18,BAK-CAK,3,6,507.2800102718078
12,2015-01-18,BAK-BRE,2,111,1306.1792938082608
13,2015-01-18,EGG-FIS,3,11,1060.6561378887598
14,2015-01-18,EGG-MUT,2,5,1053.6052876480542
15,2015-01-19,EGG-CHI,3,4,255.84627827951104
16,2015-01-21,FRU-FRE,3,99,1655.5834823012756
17,2015-01-23,EGG-EGG,1,100,1840.5747331121904
18,2015-01-26,BAK-CAK,4,5,422.7333418931732
19,2015-01-26,EGG-CHI,4,8,511.6925565590221
20,2015-01-26,BAK-BRE,3,93,1094.3664353528673
21,2015-01-26,EGG-FIS,4,4,385.6931410504581
22,2015-01-26,EGG-MUT,3,6,1264.326345177665
23,2015-01-30,FRU-FRE,4,50,836.1532738895331
24,2015-01-30,FRU-ORG,4,18,536.140965357515
25,2015-01-30,EGG-FIS,5,8,771.3862821009162
26,2015-02-02,BAK-CAK,5,9,760.9200154077117
27,2015-02-02,EGG-CHI,5,8,511.6925565590221
28,2015-02-02,EGG-MUT,4,4,842.8842301184433
29,2015-02-03,BAK-BRE,4,90,1059.0642922769682
30,2015-02-04,FRU-ORG,5,7,208.49926430570028
31,2015-02-05,EGG-FIS,6,12,1157.0794231513744
32,2015-02-07,EGG-MUT,5,1,210.72105752961082
33,2015-02-08,FRU-FRE,5,77,1287.676041789881
34,2015-02-09,BAK-CAK,6,9,760.9200154077117
35,2015-02-09,EGG-CHI,6,8,511.6925565590221
36,2015-02-11,BAK-BRE,5,90,1059.0642922769682
37,2015-02-11,EGG-FIS,7,11,1060.6561378887598
38,2015-02-11,EGG-EGG,2,4,73.62298932448762
39,2015-02-14,EGG-MUT,6,5,1053.6052876480542
40,2015-02-16,BAK-CAK,7,4,338.18667351453854
41,2015-02-16,EGG-CHI,7,9,575.6541261288999
42,2015-02-17,EGG-FIS,8,11,1060.6561378887598
43,2015-02-18,FRU-ORG,7,20,595.7121837305722
44,2015-02-18,FOO-ATT,1,352,3827.87382248772
45,2015-02-20,FRU-FRE,7,73,1220.7837798787184
46,2015-02-20,BAK-BRE,6,74,870.7861958721738
47,2015-02-21,BAK-CAK,8,4,338.18667351453854
48,2015-02-21,EGG-MUT,7,6,1264.326345177665
49,2015-02-23,EGG-CHI,8,3,191.8847087096333
50,2015-02-23,EGG-FIS,9,9,867.8095673635307
51,2015-02-27,FRU-ORG,8,45,1340.3524133937874
52,2015-03-01,FRU-FRE,8,120,2006.7678573348794
53,2015-03-01,BAK-CAK,9,8,676.3733470290771
54,2015-03-01,EGG-CHI,9,7,447.7309869891443
55,2015-03-01,BAK-BRE,7,83,976.6926250998707
56,2015-03-01,EGG-FIS,10,9,867.8095673635307
57,2015-03-01,EGG-EGG,3,36,662.6069039203886
58,2015-03-01,EGG-MUT,8,6,1264.326345177665
59,2015-03-08,BAK-CAK,10,8,676.3733470290771
60,2015-03-08,EGG-CHI,10,1,63.96156956987776
61,2015-03-08,FRU-ORG,9,38,1131.853149088087
62,2015-03-08,EGG-FIS,11,9,867.8095673635307
63,2015-03-08,EGG-MUT,9,6,1264.326345177665
64,2015-03-09,BAK-BRE,8,69,811.9492907456756
65,2015-03-10,FRU-FRE,9,120,2006.7678573348794
66,2015-03-14,EGG-CHI,11,11,703.5772652686553
67,2015-03-14,EGG-FIS,12,9,867.8095673635307
68,2015-03-15,BAK-CAK,11,10,845.4666837863464
69,2015-03-15,EGG-MUT,10,5,1053.6052876480542
70,2015-03-17,BAK-BRE,9,69,811.9492907456756
71,2015-03-17,FRU-ORG,10,46,1370.1380225803161
72,2015-03-19,FRU-FRE,10,38,635.4764881560452
73,2015-03-21,EGG-CHI,12,20,1279.2313913975552
74,2015-03-21,EGG-FIS,13,8,771.3862821009162
75,2015-03-22,BAK-CAK,12,10,845.4666837863464
76,2015-03-22,EGG-MUT,11,2,421.44211505922163
77,2015-03-25,BAK-BRE,10,93,1094.3664353528673
78,2015-03-25,EGG-EGG,5,39,717.8241459137543
79,2015-03-26,FRU-ORG,11,55,1638.2085052590735
80,2015-03-28,EGG-CHI,13,15,959.4235435481664
81,2015-03-28,EGG-FIS,14,4,385.6931410504581
82,2015-03-28,EGG-MUT,12,3,632.1631725888325
83,2015-03-29,BAK-CAK,13,11,930.013352164981
84,2015-04-01,EGG-FIS,15,6,578.5397115756872
85,2015-04-02,BAK-BRE,11,110,1294.4119127829613
86,2015-04-02,EGG-EGG,6,6,110.43448398673144
87,2015-04-04,EGG-CHI,14,13,831.5004044084109
88,2015-04-04,FRU-ORG,12,45,1340.3524133937874
89,2015-04-04,EGG-MUT,13,4,842.8842301184433
90,2015-04-05,BAK-CAK,14,6,507.2800102718078
91,2015-04-06,FOO-ATT,2,183,1990.0594020319681
92,2015-04-07,EGG-FIS,16,10,964.2328526261452
93,2015-04-08,FRU-FRE,13,48,802.7071429339518
94,2015-04-10,BAK-BRE,12,16,188.27809640479435
95,2015-04-11,BAK-CAK,15,5,422.7333418931732
96,2015-04-11,EGG-CHI,15,13,831.5004044084109
97,2015-04-11,EGG-MUT,14,4,842.8842301184433
98,2015-04-13,EGG-FIS,17,8,771.3862821009162
99,2015-04-15,BAK-BRE,13,35,411.85833588548763
100,2015-04-16,EGG-EGG,7,83,1527.6770284831182
101,2015-04-18,BAK-CAK,16,13,1099.1066889222502
102,2015-04-18,EGG-CHI,16,11,703.5772652686553
103,2015-04-18,EGG-MUT,15,4,842.8842301184433
104,2015-04-19,EGG-FIS,18,9,867.8095673635307
105,2015-04-20,FRU-FRE,15,113,1889.7063989903447
106,2015-04-20,FRU-ORG,14,36,1072.28193071503
107,2015-04-23,BAK-BRE,14,60,706.0428615179788
108,2015-04-25,BAK-CAK,17,11,930.013352164981
109,2015-04-25,EGG-CHI,17,10,639.6156956987776
110,2015-04-25,EGG-FIS,19,9,867.8095673635307
111,2015-04-25,EGG-MUT,16,4,842.8842301184433
112,2015-04-28,FRU-ORG,15,2,59.57121837305722
113,2015-04-29,FRU-FRE,16,70,1170.6145834453464
114,2015-05-01,BAK-BRE,15,94,1106.1338163781668
115,2015-05-01,EGG-FIS,20,7,674.9629968383017
116,2015-05-03,BAK-CAK,18,11,930.013352164981
117,2015-05-03,EGG-CHI,18,14,895.4619739782886
118,2015-05-03,FRU-ORG,16,63,1876.4933787513025
119,2015-05-03,EGG-MUT,17,4,842.8842301184433
120,2015-05-07,EGG-FIS,22,6,578.5397115756872
121,2015-05-08,FRU-FRE,17,79,1321.1221727454624
122,2015-05-08,EGG-EGG,8,38,699.4183985826323
123,2015-05-09,BAK-BRE,16,73,859.0188148468742
124,2015-05-10,BAK-CAK,19,11,930.013352164981
125,2015-05-10,EGG-CHI,19,13,831.5004044084109
126,2015-05-10,EGG-MUT,18,4,842.8842301184433
127,2015-05-12,FRU-ORG,17,8,238.28487349222888
128,2015-05-13,EGG-FIS,23,5,482.1164263130726
129,2015-05-17,FRU-FRE,18,23,384.6305059891852
130,2015-05-17,BAK-CAK,20,12,1014.5600205436156
131,2015-05-17,EGG-CHI,20,13,831.5004044084109
132,2015-05-17,BAK-BRE,17,78,917.8557199733725
133,2015-05-17,FRU-ORG,18,69,2055.2070338704743
134,2015-05-17,EGG-MUT,19,4,842.8842301184433
135,2015-05-18,EGG-FIS,24,4,385.6931410504581
136,2015-05-22,FRU-FRE,19,51,852.8763393673238
137,2015-05-23,FOO-ATT,3,72,782.9741909633973
138,2015-05-24,BAK-CAK,21,11,930.013352164981
139,2015-05-24,EGG-CHI,21,13,831.5004044084109
140,2015-05-24,EGG-FIS,25,9,867.8095673635307
141,2015-05-24,EGG-MUT,20,4,842.8842301184433
142,2015-05-25,BAK-BRE,18,36,423.6257169107873
143,2015-05-26,FRU-ORG,19,74,2204.135079803117
144,2015-05-30,EGG-FIS,26,9,867.8095673635307
145,2015-05-30,EGG-EGG,9,1,18.405747331121905
146,2015-05-31,BAK-CAK,22,7,591.8266786504424
147,2015-05-31,EGG-CHI,22,12,767.5388348385331
148,2015-05-31,EGG-MUT,21,4,842.8842301184433
149,2015-06-01,BAK-BRE,19,22,258.88238255659223
150,2015-06-04,FRU-FRE,21,86,1438.1836310899969
151,2015-06-05,EGG-FIS,27,10,964.2328526261452
152,2015-06-06,BAK-CAK,23,2,169.09333675726927
153,2015-06-07,EGG-CHI,23,12,767.5388348385331
154,2015-06-07,EGG-MUT,22,2,421.44211505922163
155,2015-06-09,BAK-BRE,20,3,35.30214307589894
156,2015-06-09,FRU-ORG,21,27,804.2114480362725
157,2015-06-11,EGG-FIS,28,8,771.3862821009162
158,2015-06-13,BAK-CAK,24,9,760.9200154077117
159,2015-06-13,EGG-MUT,23,1,210.72105752961082
160,2015-06-14,EGG-CHI,24,14,895.4619739782886
161,2015-06-14,BAK-BRE,21,38,447.1604789613866
162,2015-06-14,EGG-EGG,10,35,644.2011565892667
163,2015-06-17,EGG-FIS,29,10,964.2328526261452
164,2015-06-18,FRU-ORG,22,70,2084.9926430570026
165,2015-06-20,FRU-FRE,23,47,785.9840774561611
166,2015-06-20,BAK-CAK,25,11,930.013352164981
167,2015-06-20,BAK-BRE,22,32,376.5561928095887
168,2015-06-20,EGG-MUT,24,3,632.1631725888325
169,2015-06-21,EGG-CHI,25,16,1023.3851131180442
170,2015-06-23,EGG-FIS,30,17,1639.195849464447
171,2015-06-25,SNA-NOO,1,885,5798.62975117154
172,2015-06-27,BAK-CAK,26,11,930.013352164981
173,2015-06-27,FRU-ORG,23,59,1757.350942005188
174,2015-06-27,EGG-MUT,25,3,632.1631725888325
175,2015-06-28,EGG-CHI,26,13,831.5004044084109
176,2015-06-28,BAK-BRE,23,74,870.7861958721738
177,2015-06-28,FOO-ATT,4,77,837.3473986691888
178,2015-06-29,FRU-FRE,24,6,100.33839286674397
179,2015-06-29,EGG-FIS,31,14,1349.9259936766034
180,2015-07-04,BAK-CAK,27,9,760.9200154077117
181,2015-07-04,EGG-MUT,26,2,421.44211505922163
182,2015-07-05,EGG-CHI,27,7,447.7309869891443
183,2015-07-05,EGG-FIS,32,13,1253.5027084139888
184,2015-07-06,FRU-FRE,25,30,501.69196433371985
185,2015-07-06,BAK-BRE,24,23,270.6497635818919
186,2015-07-06,FRU-ORG,24,35,1042.4963215285013
187,2015-07-11,FRU-FRE,26,57,953.2147322340677
188,2015-07-11,BAK-CAK,28,4,338.18667351453854
189,2015-07-11,EGG-FIS,33,6,578.5397115756872
190,2015-07-11,EGG-MUT,27,2,421.44211505922163
191,2015-07-12,EGG-EGG,13,45,828.2586299004857
192,2015-07-13,FRU-ORG,25,14,416.99852861140056
193,2015-07-18,BAK-CAK,29,3,253.6400051359039
194,2015-07-18,EGG-CHI,29,12,767.5388348385331
195,2015-07-18,BAK-BRE,26,81,953.1578630492714
196,2015-07-18,EGG-FIS,34,2,192.84657052522905
197,2015-07-18,EGG-MUT,28,3,632.1631725888325
198,2015-07-20,FRU-FRE,27,78,1304.3991072676718
199,2015-07-22,FRU-ORG,26,28,833.9970572228011
200,2015-07-25,BAK-CAK,30,2,169.09333675726927
201,2015-07-25,EGG-CHI,30,14,895.4619739782886
202,2015-07-25,EGG-FIS,35,11,1060.6561378887598
203,2015-07-26,BAK-BRE,27,8,94.13904820239718
204,2015-07-30,FRU-FRE,28,31,518.4150298115105
205,2015-07-30,BAK-CAK,31,4,338.18667351453854
206,2015-07-30,EGG-MUT,30,5,1053.6052876480542
207,2015-08-02,EGG-CHI,31,14,895.4619739782886
208,2015-08-02,BAK-BRE,28,26,305.9519066577908
209,2015-08-02,FRU-ORG,27,15,446.78413779792913
210,2015-08-02,EGG-FIS,36,9,867.8095673635307
211,2015-08-04,FRU-FRE,29,41,685.6456845894171
212,2015-08-04,BAK-CAK,32,7,591.8266786504424
213,2015-08-06,FRU-ORG,28,12,357.42731023834335
214,2015-08-06,EGG-MUT,31,5,1053.6052876480542
215,2015-08-08,EGG-FIS,37,9,867.8095673635307
216,2015-08-09,EGG-CHI,32,12,767.5388348385331
217,2015-08-10,BAK-BRE,29,51,600.136432290282
218,2015-08-10,EGG-EGG,15,32,588.983914595901
219,2015-08-11,BAK-CAK,33,11,930.013352164981
220,2015-08-15,FRU-FRE,30,52,869.5994048451145
221,2015-08-15,FRU-ORG,29,27,804.2114480362725
222,2015-08-15,EGG-FIS,38,9,867.8095673635307
223,2015-08-15,EGG-MUT,32,1,210.72105752961082
224,2015-08-16,EGG-CHI,33,10,639.6156956987776
225,2015-08-19,BAK-CAK,34,10,845.4666837863464
226,2015-08-19,BAK-BRE,30,36,423.6257169107873
227,2015-08-19,EGG-MUT,33,7,1475.0474027072758
228,2015-08-22,EGG-FIS,39,9,867.8095673635307
229,2015-08-23,EGG-CHI,34,12,767.5388348385331
230,2015-08-23,BAK-BRE,31,27,317.7192876830905
231,2015-08-24,FRU-FRE,32,52,869.5994048451145
232,2015-08-24,FRU-ORG,30,62,1846.7077695647738
233,2015-08-26,BAK-CAK,35,11,930.013352164981
234,2015-08-26,EGG-MUT,34,6,1264.326345177665
235,2015-08-29,EGG-FIS,40,9,867.8095673635307
236,2015-08-30,EGG-CHI,35,12,767.5388348385331
237,2015-08-30,EGG-EGG,16,78,1435.6482918275085
238,2015-08-31,BAK-BRE,32,82,964.9252440745711
239,2015-09-01,FRU-ORG,31,16,476.56974698445777
240,2015-09-05,FRU-FRE,33,70,1170.6145834453464
241,2015-09-05,BAK-CAK,36,10,845.4666837863464
242,2015-09-05,EGG-FIS,41,9,867.8095673635307
243,2015-09-05,EGG-MUT,36,6,1264.326345177665
244,2015-09-06,EGG-CHI,36,12,767.5388348385331
245,2015-09-08,BAK-BRE,33,3,35.30214307589894
246,2015-09-10,FRU-ORG,32,24,714.8546204766867
247,2015-09-11,EGG-FIS,42,8,771.3862821009162
248,2015-09-11,FOO-ATT,7,172,1870.4383450792268
249,2015-09-12,BAK-CAK,37,11,930.013352164981
250,2015-09-12,EGG-MUT,37,6,1264.326345177665
251,2015-09-13,EGG-CHI,37,4,255.84627827951104
252,2015-09-17,EGG-FIS,43,9,867.8095673635307
253,2015-09-19,BAK-CAK,38,12,1014.5600205436156
254,2015-09-19,EGG-CHI,38,11,703.5772652686553
255,2015-09-19,BAK-BRE,35,42,494.2300030625852
256,2015-09-19,EGG-MUT,38,5,1053.6052876480542
257,2015-09-21,FRU-FRE,35,160,2675.690476446506
258,2015-09-23,EGG-FIS,44,6,578.5397115756872
259,2015-09-26,EGG-CHI,39,13,831.5004044084109
260,2015-09-26,EGG-MUT,39,4,842.8842301184433
261,2015-09-27,BAK-BRE,36,26,305.9519066577908
262,2015-09-29,FRU-ORG,35,52,1548.8516776994877
263,2015-09-29,EGG-FIS,45,10,964.2328526261452
264,2015-09-30,FRU-FRE,36,33,551.8611607670919
265,2015-10-03,EGG-CHI,40,13,831.5004044084109
266,2015-10-03,EGG-MUT,40,4,842.8842301184433
267,2015-10-05,BAK-BRE,37,58,682.5080994673796
268,2015-10-05,FRU-ORG,36,25,744.6402296632152
269,2015-10-05,EGG-FIS,46,10,964.2328526261452
270,2015-10-06,BAK-CAK,41,11,930.013352164981
271,2015-10-09,FRU-FRE,37,39,652.1995536338359
272,2015-10-09,EGG-CHI,41,2,127.92313913975552
273,2015-10-09,FOO-RIC,1,146,2094.6378836171343
274,2015-10-10,EGG-MUT,41,4,842.8842301184433
275,2015-10-11,EGG-FIS,47,9,867.8095673635307
276,2015-10-13,BAK-CAK,42,5,422.7333418931732
277,2015-10-13,BAK-BRE,38,51,600.136432290282
278,2015-10-16,EGG-CHI,42,15,959.4235435481664
279,2015-10-17,EGG-FIS,48,8,771.3862821009162
280,2015-10-17,EGG-MUT,42,3,632.1631725888325
281,2015-10-19,FRU-FRE,39,49,819.4302084117425
282,2015-10-19,BAK-CAK,43,6,507.2800102718078
283,2015-10-20,FRU-ORG,38,53,1578.6372868860165
284,2015-10-21,BAK-BRE,39,1,11.767381025299647
285,2015-10-24,EGG-CHI,43,11,703.5772652686553
286,2015-10-24,EGG-FIS,49,6,578.5397115756872
287,2015-10-24,EGG-MUT,43,3,632.1631725888325
288,2015-10-26,BAK-CAK,44,13,1099.1066889222502
289,2015-10-26,BAK-BRE,40,39,458.92785998668626
290,2015-10-26,FRU-ORG,39,17,506.3553561709864
291,2015-10-27,FRU-FRE,40,80,1337.845238223253
292,2015-10-28,FOO-ATT,8,96,1043.9655879511963
293,2015-10-31,EGG-CHI,44,13,831.5004044084109
294,2015-10-31,EGG-FIS,50,3,289.2698557878436
295,2015-10-31,EGG-MUT,44,1,210.72105752961082
296,2015-11-02,BAK-CAK,45,6,507.2800102718078
297,2015-11-02,BAK-BRE,41,4,47.06952410119859
298,2015-11-02,FRU-ORG,40,16,476.56974698445777
299,2015-11-04,EGG-EGG,22,48,883.4758718938515
300,2015-11-05,FRU-FRE,41,134,2240.890774023949
301,2015-11-05,EGG-MUT,45,1,210.72105752961082
302,2015-11-07,BAK-CAK,46,7,591.8266786504424
303,2015-11-07,EGG-CHI,45,5,319.8078478493888
304,2015-11-09,FRU-ORG,41,34,1012.7107123419728
305,2015-11-09,EGG-FIS,52,11,1060.6561378887598
306,2015-11-09,EGG-EGG,23,2,36.81149466224381
307,2015-11-10,EGG-MUT,46,2,421.44211505922163
308,2015-11-14,FRU-FRE,42,93,1555.2450894345316
309,2015-11-14,BAK-CAK,47,14,1183.6533573008849
310,2015-11-14,EGG-CHI,46,8,511.6925565590221
311,2015-11-14,BAK-BRE,43,47,553.0669081890834
312,2015-11-15,EGG-FIS,53,10,964.2328526261452
313,2015-11-17,EGG-MUT,47,1,210.72105752961082
314,2015-11-21,BAK-CAK,48,15,1268.2000256795195
315,2015-11-21,EGG-CHI,47,17,1087.3466826879219
316,2015-11-21,EGG-FIS,54,9,867.8095673635307
317,2015-11-22,BAK-BRE,44,71,835.4840527962749
318,2015-11-23,FRU-FRE,43,12,200.67678573348795
319,2015-11-23,EGG-MUT,48,2,421.44211505922163
320,2015-11-27,EGG-FIS,55,4,385.6931410504581
321,2015-11-27,FOO-ATT,9,90,978.7177387042466
322,2015-11-28,BAK-CAK,49,6,507.2800102718078
323,2015-11-28,EGG-CHI,48,18,1151.3082522577997
324,2015-11-28,EGG-MUT,49,4,842.8842301184433
325,2015-11-30,BAK-BRE,45,92,1082.5990543275675
326,2015-11-30,FRU-ORG,44,41,1221.209976647673
327,2015-12-02,EGG-FIS,56,5,482.1164263130726
328,2015-12-02,EGG-EGG,25,39,717.8241459137543
329,2015-12-04,BAK-CAK,50,6,507.2800102718078
330,2015-12-05,EGG-CHI,49,21,1343.192960967433
331,2015-12-05,EGG-MUT,50,4,842.8842301184433
332,2015-12-07,FRU-FRE,45,101,1689.029613256857
333,2015-12-08,BAK-BRE,46,74,870.7861958721738
334,2015-12-08,EGG-FIS,57,5,482.1164263130726
335,2015-12-09,FRU-ORG,45,57,1697.7797236321308
336,2015-12-11,BAK-CAK,51,12,1014.5600205436156
337,2015-12-12,EGG-CHI,50,21,1343.192960967433
338,2015-12-12,EGG-MUT,51,4,842.8842301184433
339,2015-12-13,EGG-FIS,58,3,289.2698557878436
340,2015-12-16,BAK-BRE,47,59,694.2754804926792
341,2015-12-17,EGG-EGG,26,7,128.84023131785332
342,2015-12-19,BAK-CAK,52,8,676.3733470290771
343,2015-12-19,EGG-CHI,51,17,1087.3466826879219
344,2015-12-19,FRU-ORG,46,52,1548.8516776994877
345,2015-12-19,EGG-FIS,59,8,771.3862821009162
346,2015-12-19,EGG-MUT,52,3,632.1631725888325
347,2015-12-21,FRU-FRE,47,24,401.3535714669759
348,2015-12-24,BAK-BRE,48,63,741.3450045938778
349,2015-12-26,EGG-CHI,52,12,767.5388348385331
350,2015-12-26,EGG-FIS,60,4,385.6931410504581
351,2015-12-28,FRU-FRE,48,25,418.07663694476656
352,2015-12-28,FRU-ORG,47,58,1727.5653328186595
353,2015-12-29,BAK-CAK,54,14,1183.6533573008849
354,2015-12-29,EGG-MUT,54,3,632.1631725888325
355,2016-01-03,EGG-CHI,53,13,831.5004044084109
356,2016-01-03,EGG-MUT,55,2,421.44211505922163
357,2016-01-05,FRU-FRE,49,60,1003.3839286674397
358,2016-01-05,BAK-CAK,55,19,1606.386699194058
359,2016-01-05,EGG-FIS,62,12,1157.0794231513744
360,2016-01-06,FRU-ORG,48,55,1638.2085052590735
361,2016-01-08,BAK-BRE,50,57,670.7407184420799
362,2016-01-10,EGG-CHI,54,16,1023.3851131180442
363,2016-01-10,EGG-MUT,56,4,842.8842301184433
364,2016-01-11,EGG-FIS,63,12,1157.0794231513744
365,2016-01-11,EGG-EGG,28,17,312.8977046290724
366,2016-01-12,BAK-CAK,56,11,930.013352164981
367,2016-01-17,EGG-CHI,55,12,767.5388348385331
368,2016-01-17,BAK-BRE,51,109,1282.6445317576615
369,2016-01-17,FRU-ORG,49,44,1310.5668042072589
370,2016-01-17,EGG-FIS,64,12,1157.0794231513744
371,2016-01-17,EGG-MUT,57,4,842.8842301184433
372,2016-01-19,FRU-FRE,51,98,1638.860416823485
373,2016-01-19,BAK-CAK,57,13,1099.1066889222502
374,2016-01-23,FRU-ORG,50,10,297.8560918652861
375,2016-01-23,EGG-FIS,65,12,1157.0794231513744
376,2016-01-24,EGG-CHI,56,12,767.5388348385331
377,2016-01-24,EGG-MUT,58,4,842.8842301184433
378,2016-01-26,BAK-CAK,58,13,1099.1066889222502
379,2016-01-26,BAK-BRE,52,97,1141.4359594540658
380,2016-01-28,FRU-FRE,52,151,2525.18288714639
381,2016-01-30,EGG-FIS,66,12,1157.0794231513744
382,2016-01-30,EGG-EGG,29,48,883.4758718938515
383,2016-01-31,EGG-CHI,57,12,767.5388348385331
384,2016-01-31,EGG-MUT,59,4,842.8842301184433
385,2016-02-01,FRU-ORG,51,54,1608.422896072545
386,2016-02-03,BAK-CAK,59,13,1099.1066889222502
387,2016-02-03,BAK-BRE,53,97,1141.4359594540658
388,2016-02-05,EGG-FIS,67,12,1157.0794231513744
389,2016-02-07,FRU-FRE,53,136,2274.33690497953
390,2016-02-07,EGG-CHI,58,12,767.5388348385331
391,2016-02-07,EGG-MUT,60,4,842.8842301184433
392,2016-02-10,BAK-CAK,60,13,1099.1066889222502
393,2016-02-10,FRU-ORG,52,41,1221.209976647673
394,2016-02-11,BAK-BRE,54,58,682.5080994673796
395,2016-02-11,EGG-FIS,68,12,1157.0794231513744
396,2016-02-11,FOO-ATT,12,89,967.8430971630883
397,2016-02-14,EGG-CHI,59,14,895.4619739782886
398,2016-02-14,EGG-MUT,61,6,1264.326345177665
399,2016-02-16,FRU-FRE,54,98,1638.860416823485
400,2016-02-16,BAK-BRE,55,33,388.32357383488835
401,2016-02-18,BAK-CAK,61,11,930.013352164981
402,2016-02-18,EGG-FIS,69,8,771.3862821009162
403,2016-02-20,FRU-ORG,53,46,1370.1380225803161
404,2016-02-21,EGG-CHI,60,16,1023.3851131180442
405,2016-02-21,EGG-MUT,62,6,1264.326345177665
406,2016-02-25,FRU-FRE,55,27,451.5227679003479
407,2016-02-25,BAK-CAK,62,11,930.013352164981
408,2016-02-25,BAK-BRE,56,91,1070.831673302268
409,2016-02-25,EGG-FIS,70,8,771.3862821009162
410,2016-02-28,EGG-CHI,61,14,895.4619739782886
411,2016-02-28,EGG-MUT,63,6,1264.326345177665
412,2016-03-01,FRU-ORG,54,42,1250.9955858342016
413,2016-03-01,EGG-EGG,31,1,18.405747331121905
414,2016-03-02,EGG-FIS,71,8,771.3862821009162
415,2016-03-05,FRU-FRE,56,125,2090.383184723833
416,2016-03-05,BAK-CAK,63,11,930.013352164981
417,2016-03-05,BAK-BRE,57,49,576.6016702396827
418,2016-03-07,EGG-CHI,62,14,895.4619739782886
419,2016-03-07,EGG-EGG,32,75,1380.4310498341429
420,2016-03-07,EGG-MUT,64,6,1264.326345177665
421,2016-03-09,EGG-FIS,72,8,771.3862821009162
422,2016-03-10,FRU-ORG,55,9,268.0704826787575
423,2016-03-12,BAK-CAK,64,9,760.9200154077117
424,2016-03-14,FRU-FRE,57,69,1153.8915179675557
425,2016-03-14,EGG-CHI,63,14,895.4619739782886
426,2016-03-14,EGG-MUT,65,4,842.8842301184433
427,2016-03-15,BAK-BRE,59,113,1329.71405585886
428,2016-03-15,EGG-FIS,73,8,771.3862821009162
429,2016-03-19,BAK-CAK,65,10,845.4666837863464
430,2016-03-19,FRU-ORG,56,45,1340.3524133937874
431,2016-03-21,EGG-CHI,64,12,767.5388348385331
432,2016-03-21,EGG-FIS,74,8,771.3862821009162
433,2016-03-21,EGG-MUT,66,1,210.72105752961082
434,2016-03-23,BAK-BRE,60,25,294.18452563249116
435,2016-03-26,BAK-CAK,66,10,845.4666837863464
436,2016-03-26,FOO-ATT,13,108,1174.461286445096
437,2016-03-27,EGG-FIS,75,8,771.3862821009162
438,2016-03-27,EGG-MUT,67,4,842.8842301184433
439,2016-03-28,FRU-FRE,59,48,802.7071429339518
440,2016-03-28,EGG-CHI,65,12,767.5388348385331
441,2016-03-28,FRU-ORG,57,53,1578.6372868860165
442,2016-04-04,BAK-CAK,67,7,591.8266786504424
443,2016-04-04,EGG-CHI,66,13,831.5004044084109
444,2016-04-04,EGG-FIS,76,8,771.3862821009162
445,2016-04-04,EGG-MUT,68,4,842.8842301184433
446,2016-04-05,FRU-FRE,60,67,1120.4453870119744
447,2016-04-06,BAK-BRE,62,73,859.0188148468742
448,2016-04-06,FRU-ORG,58,63,1876.4933787513025
449,2016-04-09,BAK-CAK,68,3,253.6400051359039
450,2016-04-10,EGG-FIS,77,8,771.3862821009162
451,2016-04-10,EGG-EGG,34,87,1601.3000178076056
452,2016-04-12,EGG-CHI,67,7,447.7309869891443
453,2016-04-12,EGG-MUT,69,5,1053.6052876480542
454,2016-04-14,FRU-FRE,61,4,66.89226191116265
455,2016-04-14,BAK-BRE,63,39,458.92785998668626
456,2016-04-16,BAK-CAK,69,10,845.4666837863464
457,2016-04-16,FRU-ORG,59,47,1399.9236317668447
458,2016-04-16,EGG-FIS,78,8,771.3862821009162
459,2016-04-17,EGG-CHI,68,6,383.7694174192666
460,2016-04-19,EGG-MUT,70,2,421.44211505922163
461,2016-04-20,BAK-BRE,64,30,353.0214307589894
462,2016-04-21,FRU-FRE,62,3,50.16919643337199
463,2016-04-22,EGG-FIS,79,10,964.2328526261452
464,2016-04-24,BAK-CAK,70,1,84.54666837863464
465,2016-04-24,EGG-CHI,69,18,1151.3082522577997
466,2016-04-24,EGG-MUT,71,1,210.72105752961082
467,2016-04-25,FRU-ORG,60,58,1727.5653328186595
468,2016-04-26,FRU-FRE,63,100,1672.3065477790662
469,2016-04-28,BAK-CAK,71,1,84.54666837863464
470,2016-04-28,BAK-BRE,65,68,800.181909720376
471,2016-04-28,EGG-FIS,80,9,867.8095673635307
472,2016-05-01,EGG-CHI,70,16,1023.3851131180442
473,2016-05-01,EGG-MUT,72,4,842.8842301184433
474,2016-05-03,EGG-EGG,35,37,681.0126512515105
475,2016-05-04,BAK-CAK,72,6,507.2800102718078
476,2016-05-04,EGG-FIS,81,5,482.1164263130726
477,2016-05-06,FRU-FRE,64,72,1204.0607144009277
478,2016-05-06,BAK-BRE,66,68,800.181909720376
479,2016-05-08,EGG-CHI,71,8,511.6925565590221
480,2016-05-08,EGG-MUT,73,4,842.8842301184433
481,2016-05-09,FRU-ORG,62,44,1310.5668042072589
482,2016-05-09,EGG-FIS,82,4,385.6931410504581
483,2016-05-14,BAK-BRE,67,3,35.30214307589894
484,2016-05-15,FRU-FRE,65,21,351.1843750336039
485,2016-05-15,BAK-CAK,74,1,84.54666837863464
486,2016-05-15,EGG-FIS,83,9,867.8095673635307
487,2016-05-15,EGG-MUT,74,1,210.72105752961082
488,2016-05-18,EGG-CHI,73,12,767.5388348385331
489,2016-05-18,FRU-ORG,63,84,2501.9911716684032
490,2016-05-20,BAK-CAK,75,9,760.9200154077117
491,2016-05-20,BAK-BRE,68,43,505.9973840878848
492,2016-05-21,FRU-FRE,66,30,501.69196433371985
493,2016-05-21,EGG-FIS,84,6,578.5397115756872
494,2016-05-21,EGG-MUT,75,3,632.1631725888325
495,2016-05-25,EGG-CHI,74,11,703.5772652686553
496,2016-05-25,EGG-EGG,37,74,1362.025302503021
497,2016-05-28,FRU-ORG,64,40,1191.4243674611444
498,2016-05-28,EGG-MUT,76,4,842.8842301184433
499,2016-05-30,FRU-FRE,67,23,384.6305059891852
500,2016-06-01,BAK-CAK,77,11,930.013352164981
501,2016-06-01,EGG-CHI,75,10,639.6156956987776
502,2016-06-01,EGG-FIS,86,7,674.9629968383017
503,2016-06-04,EGG-MUT,77,4,842.8842301184433
504,2016-06-07,BAK-BRE,71,78,917.8557199733725
505,2016-06-07,FRU-ORG,65,38,1131.853149088087
506,2016-06-07,EGG-FIS,87,6,578.5397115756872
507,2016-06-08,BAK-CAK,78,11,930.013352164981
508,2016-06-08,EGG-CHI,76,10,639.6156956987776
509,2016-06-09,FRU-FRE,69,81,1354.5683037010435
510,2016-06-13,EGG-FIS,88,2,192.84657052522905
511,2016-06-15,BAK-CAK,79,11,930.013352164981
512,2016-06-15,EGG-CHI,77,11,703.5772652686553
513,2016-06-15,BAK-BRE,72,83,976.6926250998707
514,2016-06-16,FRU-ORG,67,15,446.78413779792913
515,2016-06-16,EGG-EGG,38,9,165.65172598009715
516,2016-06-16,EGG-MUT,79,5,1053.6052876480542
517,2016-06-18,FRU-FRE,70,84,1404.7375001344155
518,2016-06-18,EGG-FIS,89,5,482.1164263130726
519,2016-06-22,BAK-CAK,80,9,760.9200154077117
520,2016-06-22,EGG-CHI,78,10,639.6156956987776
521,2016-06-22,EGG-EGG,39,31,570.578167264779
522,2016-06-23,BAK-BRE,73,83,976.6926250998707
523,2016-06-23,EGG-MUT,80,5,1053.6052876480542
524,2016-06-25,EGG-FIS,90,7,674.9629968383017
525,2016-06-28,FRU-FRE,71,94,1571.9681549123222
526,2016-06-28,FRU-ORG,69,75,2233.920688989646
527,2016-06-29,BAK-CAK,81,12,1014.5600205436156
528,2016-06-29,EGG-CHI,79,7,447.7309869891443
529,2016-07-02,BAK-BRE,74,33,388.32357383488835
530,2016-07-02,EGG-FIS,91,10,964.2328526261452
531,2016-07-02,EGG-MUT,81,5,1053.6052876480542
532,2016-07-05,EGG-CHI,80,3,191.8847087096333
533,2016-07-06,BAK-CAK,82,6,507.2800102718078
534,2016-07-06,BAK-BRE,75,4,47.06952410119859
535,2016-07-08,FRU-FRE,72,70,1170.6145834453464
536,2016-07-08,FRU-ORG,70,33,982.9251031554442
537,2016-07-08,EGG-FIS,92,8,771.3862821009162
538,2016-07-08,FOO-ATT,16,115,1250.583777233204
539,2016-07-09,EGG-MUT,82,2,421.44211505922163
540,2016-07-12,BAK-BRE,76,45,529.5321461384841
541,2016-07-13,BAK-CAK,83,3,253.6400051359039
542,2016-07-14,EGG-FIS,93,9,867.8095673635307
543,2016-07-14,EGG-EGG,40,92,1693.3287544632153
544,2016-07-16,EGG-MUT,83,2,421.44211505922163
545,2016-07-17,FRU-FRE,73,28,468.2458333781385
546,2016-07-17,BAK-BRE,77,4,47.06952410119859
547,2016-07-18,EGG-CHI,82,4,255.84627827951104
548,2016-07-18,FRU-ORG,72,33,982.9251031554442
549,2016-07-20,EGG-FIS,94,10,964.2328526261452
550,2016-07-23,EGG-MUT,84,4,842.8842301184433
551,2016-07-24,EGG-CHI,83,10,639.6156956987776
552,2016-07-24,BAK-BRE,78,56,658.9733374167803
553,2016-07-25,FRU-FRE,74,55,919.7686012784865
554,2016-07-25,BAK-CAK,85,9,760.9200154077117
555,2016-07-26,EGG-FIS,95,5,482.1164263130726
556,2016-07-27,FRU-ORG,73,43,1280.7811950207301
557,2016-07-30,EGG-MUT,85,4,842.8842301184433
558,2016-07-31,EGG-CHI,84,14,895.4619739782886
559,2016-07-31,EGG-FIS,96,3,289.2698557878436
560,2016-08-02,BAK-BRE,79,72,847.2514338215746
561,2016-08-03,FRU-FRE,75,111,1856.2602680347636
562,2016-08-05,FRU-ORG,74,63,1876.4933787513025
563,2016-08-05,EGG-EGG,41,50,920.2873665560952
564,2016-08-06,EGG-FIS,97,8,771.3862821009162
565,2016-08-06,EGG-MUT,86,4,842.8842301184433
566,2016-08-07,BAK-CAK,87,4,338.18667351453854
567,2016-08-07,EGG-CHI,85,3,191.8847087096333
568,2016-08-10,BAK-BRE,80,72,847.2514338215746
569,2016-08-12,EGG-FIS,98,2,192.84657052522905
570,2016-08-13,EGG-MUT,87,3,632.1631725888325
571,2016-08-15,FRU-ORG,75,32,953.1394939689155
572,2016-08-17,FRU-FRE,77,33,551.8611607670919
573,2016-08-17,EGG-FIS,99,8,771.3862821009162
574,2016-08-21,BAK-CAK,89,9,760.9200154077117
575,2016-08-21,EGG-CHI,87,22,1407.1545305373106
576,2016-08-21,BAK-BRE,81,23,270.6497635818919
577,2016-08-21,EGG-MUT,88,1,210.72105752961082
578,2016-08-21,FOO-ATT,17,161,1750.8172881264857
579,2016-08-22,FRU-FRE,78,127,2123.8293156794143
580,2016-08-23,EGG-FIS,100,10,964.2328526261452
581,2016-08-25,BAK-BRE,82,5,58.83690512649824
582,2016-08-25,FRU-ORG,77,34,1012.7107123419728
583,2016-08-28,BAK-CAK,90,13,1099.1066889222502
584,2016-08-28,EGG-CHI,88,22,1407.1545305373106
585,2016-08-28,EGG-MUT,89,5,1053.6052876480542
586,2016-08-29,EGG-FIS,101,10,964.2328526261452
587,2016-08-31,FRU-FRE,79,50,836.1532738895331
588,2016-08-31,BAK-BRE,83,40,470.6952410119859
589,2016-09-01,FRU-ORG,78,28,833.9970572228011
590,2016-09-04,BAK-CAK,91,13,1099.1066889222502
591,2016-09-04,EGG-CHI,89,13,831.5004044084109
592,2016-09-04,EGG-FIS,102,10,964.2328526261452
593,2016-09-04,EGG-MUT,90,4,842.8842301184433
594,2016-09-06,FRU-FRE,80,71,1187.337648923137
595,2016-09-08,BAK-BRE,84,54,635.438575366181
596,2016-09-08,EGG-EGG,44,24,441.73793594692575
597,2016-09-10,EGG-CHI,90,2,127.92313913975552
598,2016-09-10,FRU-ORG,79,52,1548.8516776994877
599,2016-09-10,EGG-FIS,103,9,867.8095673635307
600,2016-09-11,BAK-CAK,92,13,1099.1066889222502
601,2016-09-11,EGG-MUT,91,4,842.8842301184433
602,2016-09-15,EGG-CHI,91,15,959.4235435481664
603,2016-09-15,EGG-EGG,45,16,294.4919572979505
604,2016-09-16,EGG-FIS,104,7,674.9629968383017
605,2016-09-18,BAK-CAK,93,11,930.013352164981
606,2016-09-18,EGG-MUT,92,3,632.1631725888325
607,2016-09-21,BAK-BRE,86,86,1011.9947681757697
608,2016-09-21,EGG-FIS,105,7,674.9629968383017
609,2016-09-22,EGG-CHI,92,18,1151.3082522577997
610,2016-09-25,BAK-CAK,94,2,169.09333675726927
611,2016-09-25,EGG-MUT,93,4,842.8842301184433
612,2016-09-26,FRU-FRE,83,83,1388.0144346566249
613,2016-09-27,EGG-FIS,106,10,964.2328526261452
614,2016-10-01,BAK-CAK,95,7,591.8266786504424
615,2016-10-01,EGG-CHI,93,20,1279.2313913975552
616,2016-10-01,BAK-BRE,87,34,400.090954860188
617,2016-10-01,FRU-ORG,82,9,268.0704826787575
618,2016-10-02,EGG-MUT,94,4,842.8842301184433
619,2016-10-03,FRU-FRE,84,17,284.29211312244126
620,2016-10-03,EGG-FIS,107,9,867.8095673635307
621,2016-10-04,BAK-BRE,88,50,588.3690512649823
622,2016-10-05,FRU-ORG,83,74,2204.135079803117
623,2016-10-07,FOO-ATT,18,39,424.1110201051735
624,2016-10-08,BAK-CAK,96,10,845.4666837863464
625,2016-10-08,EGG-CHI,94,23,1471.1161001071885
626,2016-10-09,EGG-FIS,108,4,385.6931410504581
627,2016-10-09,EGG-EGG,47,44,809.8528825693638
628,2016-10-09,EGG-MUT,95,5,1053.6052876480542
629,2016-10-12,FRU-FRE,85,94,1571.9681549123222
630,2016-10-12,BAK-BRE,89,84,988.4600061251704
631,2016-10-15,BAK-CAK,97,4,338.18667351453854
632,2016-10-15,EGG-CHI,95,23,1471.1161001071885
633,2016-10-15,EGG-FIS,109,5,482.1164263130726
634,2016-10-16,EGG-MUT,96,2,421.44211505922163
635,2016-10-19,FRU-ORG,85,33,982.9251031554442
636,2016-10-20,BAK-CAK,98,8,676.3733470290771
637,2016-10-20,BAK-BRE,90,66,776.6471476697767
638,2016-10-22,FRU-FRE,86,87,1454.9066965677875
639,2016-10-22,EGG-CHI,96,20,1279.2313913975552
640,2016-10-22,EGG-FIS,110,6,578.5397115756872
641,2016-10-22,EGG-MUT,97,2,421.44211505922163
642,2016-10-28,BAK-CAK,99,12,1014.5600205436156
643,2016-10-28,BAK-BRE,91,44,517.7647651131845
644,2016-10-28,FRU-ORG,86,39,1161.6387582746158
645,2016-10-28,EGG-FIS,112,6,578.5397115756872
646,2016-10-29,EGG-CHI,97,19,1215.2698218276773
647,2016-10-29,EGG-MUT,98,4,842.8842301184433
648,2016-10-30,FOO-ATT,19,82,891.7206063749802
649,2016-10-31,FRU-FRE,87,68,1137.168452489765
650,2016-11-04,BAK-CAK,100,12,1014.5600205436156
651,2016-11-04,BAK-BRE,92,18,211.81285845539364
652,2016-11-04,FRU-ORG,87,23,685.0690112901581
653,2016-11-04,EGG-FIS,113,9,867.8095673635307
654,2016-11-05,EGG-CHI,98,17,1087.3466826879219
655,2016-11-05,EGG-MUT,99,4,842.8842301184433
656,2016-11-09,FRU-FRE,88,7,117.06145834453463
657,2016-11-10,EGG-FIS,114,2,192.84657052522905
658,2016-11-11,BAK-CAK,101,12,1014.5600205436156
659,2016-11-12,EGG-CHI,99,14,895.4619739782886
660,2016-11-12,BAK-BRE,93,21,247.1150015312926
661,2016-11-12,EGG-MUT,100,4,842.8842301184433
662,2016-11-13,FRU-ORG,88,24,714.8546204766867
663,2016-11-14,EGG-EGG,51,25,460.1436832780476
664,2016-11-15,EGG-FIS,115,8,771.3862821009162
665,2016-11-17,BAK-BRE,94,40,470.6952410119859
666,2016-11-19,BAK-CAK,102,10,845.4666837863464
667,2016-11-19,EGG-CHI,100,12,767.5388348385331
668,2016-11-19,EGG-MUT,101,4,842.8842301184433
669,2016-11-21,EGG-FIS,116,8,771.3862821009162
670,2016-11-25,BAK-BRE,95,91,1070.831673302268
671,2016-11-26,EGG-CHI,101,12,767.5388348385331
672,2016-11-27,EGG-FIS,117,5,482.1164263130726
673,2016-11-28,BAK-CAK,104,4,338.18667351453854
674,2016-11-29,FRU-ORG,90,5,148.92804593264304
675,2016-12-01,EGG-MUT,103,2,421.44211505922163
676,2016-12-03,EGG-CHI,102,11,703.5772652686553
677,2016-12-03,BAK-BRE,96,71,835.4840527962749
678,2016-12-03,EGG-FIS,118,1,96.42328526261453
679,2016-12-04,BAK-CAK,105,7,591.8266786504424
680,2016-12-06,FRU-ORG,91,54,1608.422896072545
681,2016-12-07,FRU-FRE,93,41,685.6456845894171
682,2016-12-09,EGG-FIS,119,7,674.9629968383017
683,2016-12-11,BAK-BRE,97,43,505.9973840878848
684,2016-12-13,EGG-MUT,105,2,421.44211505922163
685,2016-12-15,EGG-FIS,120,6,578.5397115756872
686,2016-12-16,EGG-CHI,104,8,511.6925565590221
687,2016-12-17,BAK-CAK,107,8,676.3733470290771
688,2016-12-17,BAK-BRE,98,21,247.1150015312926
689,2016-12-19,FRU-FRE,95,71,1187.337648923137
690,2016-12-19,FRU-ORG,93,38,1131.853149088087
691,2016-12-20,EGG-MUT,106,3,632.1631725888325
692,2016-12-22,BAK-CAK,108,5,422.7333418931732
693,2016-12-25,BAK-BRE,99,65,764.8797666444771
694,2016-12-26,FRU-ORG,94,16,476.56974698445777
695,2016-12-26,EGG-FIS,122,10,964.2328526261452
696,2016-12-27,EGG-MUT,107,2,421.44211505922163
697,2016-12-29,BAK-CAK,109,14,1183.6533573008849
698,2016-12-31,EGG-CHI,107,22,1407.1545305373106
699,2017-01-02,BAK-BRE,100,74,870.7861958721738
700,2017-01-02,EGG-FIS,123,16,1542.7725642018324
701,2017-01-02,EGG-MUT,108,1,210.72105752961082
702,2017-01-05,FRU-FRE,98,214,3578.736012247202
703,2017-01-05,BAK-CAK,110,11,930.013352164981
704,2017-01-05,FRU-ORG,96,113,3365.7738380777328
705,2017-01-07,EGG-CHI,108,12,767.5388348385331
706,2017-01-08,EGG-FIS,124,5,482.1164263130726
707,2017-01-09,EGG-EGG,57,2,36.81149466224381
708,2017-01-09,EGG-MUT,109,2,421.44211505922163
709,2017-01-10,BAK-BRE,101,9,105.90642922769682
710,2017-01-12,BAK-CAK,111,12,1014.5600205436156
711,2017-01-12,EGG-CHI,109,5,319.8078478493888
712,2017-01-14,FRU-FRE,99,153,2558.6290181019713
713,2017-01-14,FRU-ORG,97,22,655.2834021036294
714,2017-01-14,EGG-FIS,125,4,385.6931410504581
715,2017-01-16,EGG-MUT,110,3,632.1631725888325
716,2017-01-17,BAK-BRE,102,82,964.9252440745711
717,2017-01-17,FOO-ATT,22,25,271.8660385289574
718,2017-01-21,BAK-CAK,112,6,507.2800102718078
719,2017-01-21,EGG-CHI,110,16,1023.3851131180442
720,2017-01-21,FRU-ORG,98,70,2084.9926430570026
721,2017-01-21,EGG-FIS,126,7,674.9629968383017
722,2017-01-23,FRU-FRE,100,117,1956.5986609015074
723,2017-01-23,EGG-MUT,111,5,1053.6052876480542
724,2017-01-25,BAK-BRE,103,80,941.3904820239718
725,2017-01-28,EGG-CHI,111,16,1023.3851131180442
726,2017-01-28,EGG-FIS,127,7,674.9629968383017
727,2017-01-30,BAK-CAK,114,11,930.013352164981
728,2017-01-30,FRU-ORG,99,69,2055.2070338704743
729,2017-01-30,EGG-MUT,112,5,1053.6052876480542
730,2017-02-01,FRU-FRE,101,38,635.4764881560452
731,2017-02-02,BAK-BRE,104,31,364.78881178428907
732,2017-02-04,EGG-CHI,112,14,895.4619739782886
733,2017-02-04,EGG-FIS,128,7,674.9629968383017
734,2017-02-04,EGG-EGG,59,65,1196.3735765229237
735,2017-02-06,BAK-CAK,115,11,930.013352164981
736,2017-02-06,EGG-MUT,113,3,632.1631725888325
737,2017-02-08,FRU-FRE,102,59,986.660863189649
738,2017-02-08,FRU-ORG,100,60,1787.1365511917165
739,2017-02-12,EGG-CHI,113,6,383.7694174192666
740,2017-02-13,BAK-CAK,116,2,169.09333675726927
741,2017-02-13,EGG-EGG,60,36,662.6069039203886
742,2017-02-14,FRU-FRE,103,131,2190.7215775905765
743,2017-02-15,BAK-BRE,106,39,458.92785998668626
744,2017-02-15,EGG-FIS,130,9,867.8095673635307
745,2017-02-16,EGG-MUT,115,7,1475.0474027072758
746,2017-02-19,BAK-CAK,117,16,1352.7466940581542
747,2017-02-19,EGG-CHI,114,7,447.7309869891443
748,2017-02-19,FRU-ORG,101,11,327.6417010518147
749,2017-02-20,BAK-BRE,107,49,576.6016702396827
750,2017-02-21,EGG-FIS,131,9,867.8095673635307
751,2017-02-23,FRU-FRE,104,144,2408.1214288018555
752,2017-02-23,FRU-ORG,102,38,1131.853149088087
753,2017-02-23,EGG-MUT,116,7,1475.0474027072758
754,2017-02-23,FOO-ATT,23,6,65.24784924694977
755,2017-02-27,BAK-CAK,118,13,1099.1066889222502
756,2017-02-27,EGG-CHI,115,13,831.5004044084109
757,2017-02-27,EGG-FIS,132,9,867.8095673635307
758,2017-02-27,EGG-EGG,61,85,1564.488523145362
759,2017-02-28,BAK-BRE,108,75,882.5535768974736
760,2017-03-02,EGG-MUT,117,6,1264.326345177665
761,2017-03-04,FRU-FRE,105,105,1755.9218751680196
762,2017-03-05,EGG-FIS,133,8,771.3862821009162
763,2017-03-06,BAK-CAK,119,12,1014.5600205436156
764,2017-03-06,EGG-CHI,116,13,831.5004044084109
765,2017-03-08,BAK-BRE,109,85,1000.22738715047
766,2017-03-09,EGG-MUT,118,6,1264.326345177665
767,2017-03-11,EGG-FIS,134,8,771.3862821009162
768,2017-03-12,FRU-ORG,104,55,1638.2085052590735
769,2017-03-13,FRU-FRE,106,60,1003.3839286674397
770,2017-03-13,BAK-CAK,120,2,169.09333675726927
771,2017-03-17,BAK-BRE,110,69,811.9492907456756
772,2017-03-17,EGG-FIS,135,8,771.3862821009162
773,2017-03-17,EGG-MUT,119,6,1264.326345177665
774,2017-03-18,FRU-FRE,107,7,117.06145834453463
775,2017-03-18,EGG-CHI,118,13,831.5004044084109
776,2017-03-19,BAK-CAK,121,13,1099.1066889222502
777,2017-03-24,EGG-FIS,136,2,192.84657052522905
778,2017-03-24,EGG-MUT,120,4,842.8842301184433
779,2017-03-25,EGG-CHI,119,12,767.5388348385331
780,2017-03-25,BAK-BRE,111,38,447.1604789613866
781,2017-03-26,BAK-CAK,122,11,930.013352164981
782,2017-03-26,FRU-ORG,106,52,1548.8516776994877
783,2017-03-27,FRU-FRE,108,32,535.1380952893012
784,2017-03-28,EGG-FIS,137,6,578.5397115756872
785,2017-03-28,FOO-ATT,24,210,2283.674723643242
786,2017-03-31,EGG-MUT,121,4,842.8842301184433
787,2017-04-01,EGG-CHI,120,12,767.5388348385331
788,2017-04-01,BAK-BRE,112,48,564.834289214383
789,2017-04-02,BAK-CAK,123,8,676.3733470290771
790,2017-04-03,EGG-FIS,138,8,771.3862821009162
791,2017-04-04,FRU-FRE,109,86,1438.1836310899969
792,2017-04-04,FRU-ORG,107,58,1727.5653328186595
793,2017-04-07,EGG-MUT,122,4,842.8842301184433
794,2017-04-08,EGG-CHI,121,2,127.92313913975552
795,2017-04-09,BAK-CAK,124,5,422.7333418931732
796,2017-04-09,BAK-BRE,113,2,23.534762050599294
797,2017-04-09,EGG-FIS,139,8,771.3862821009162
798,2017-04-13,FRU-ORG,108,17,506.3553561709864
799,2017-04-14,EGG-CHI,122,13,831.5004044084109
800,2017-04-14,EGG-MUT,123,4,842.8842301184433
801,2017-04-15,BAK-CAK,125,5,422.7333418931732
802,2017-04-15,EGG-FIS,140,7,674.9629968383017
803,2017-04-19,BAK-BRE,115,118,1388.5509609853584
804,2017-04-21,EGG-CHI,123,5,319.8078478493888
805,2017-04-21,FRU-ORG,109,28,833.9970572228011
806,2017-04-21,EGG-FIS,141,7,674.9629968383017
807,2017-04-21,EGG-MUT,124,4,842.8842301184433
808,2017-04-22,BAK-CAK,126,9,760.9200154077117
809,2017-04-23,FRU-FRE,112,59,986.660863189649
810,2017-04-26,EGG-CHI,124,7,447.7309869891443
811,2017-04-28,BAK-BRE,116,79,929.6231009986722
812,2017-04-28,EGG-FIS,142,17,1639.195849464447
813,2017-04-28,EGG-EGG,66,48,883.4758718938515
814,2017-04-28,EGG-MUT,125,4,842.8842301184433
815,2017-04-30,BAK-CAK,127,4,338.18667351453854
816,2017-05-01,FRU-ORG,111,27,804.2114480362725
817,2017-05-03,EGG-CHI,125,3,191.8847087096333
818,2017-05-03,BAK-BRE,117,9,105.90642922769682
819,2017-05-04,EGG-FIS,143,12,1157.0794231513744
820,2017-05-05,EGG-MUT,126,4,842.8842301184433
821,2017-05-08,FRU-FRE,114,13,217.39985121127862
822,2017-05-09,EGG-CHI,126,11,703.5772652686553
823,2017-05-11,BAK-CAK,129,6,507.2800102718078
824,2017-05-11,EGG-FIS,144,3,289.2698557878436
825,2017-05-12,EGG-MUT,127,1,210.72105752961082
826,2017-05-14,FOO-ATT,25,64,695.9770586341309
827,2017-05-15,EGG-FIS,145,8,771.3862821009162
828,2017-05-16,EGG-CHI,127,20,1279.2313913975552
829,2017-05-16,BAK-BRE,119,53,623.6711943408812
830,2017-05-18,BAK-CAK,130,6,507.2800102718078
831,2017-05-18,FRU-ORG,113,68,2025.4214246839456
832,2017-05-20,FRU-FRE,116,42,702.3687500672078
833,2017-05-21,EGG-FIS,146,5,482.1164263130726
834,2017-05-23,EGG-CHI,128,20,1279.2313913975552
835,2017-05-23,EGG-MUT,129,4,842.8842301184433
836,2017-05-24,BAK-BRE,120,94,1106.1338163781668
837,2017-05-25,BAK-CAK,131,6,507.2800102718078
838,2017-05-26,EGG-FIS,147,6,578.5397115756872
839,2017-05-27,FRU-ORG,114,20,595.7121837305722
840,2017-05-28,FRU-FRE,117,108,1806.0910716013916
841,2017-05-30,EGG-CHI,129,15,959.4235435481664
842,2017-05-30,EGG-MUT,130,3,632.1631725888325
843,2017-06-02,BAK-CAK,132,6,507.2800102718078
844,2017-06-02,EGG-FIS,148,14,1349.9259936766034
845,2017-06-04,FRU-ORG,115,26,774.4258388497439
846,2017-06-06,FRU-FRE,118,15,250.84598216685993
847,2017-06-06,EGG-CHI,130,19,1215.2698218276773
848,2017-06-06,EGG-MUT,131,4,842.8842301184433
849,2017-06-08,BAK-BRE,122,12,141.20857230359576
850,2017-06-08,EGG-FIS,149,14,1349.9259936766034
851,2017-06-09,BAK-CAK,133,6,507.2800102718078
852,2017-06-12,FRU-FRE,119,76,1270.9529763120904
853,2017-06-12,FRU-ORG,116,35,1042.4963215285013
854,2017-06-13,EGG-CHI,131,21,1343.192960967433
855,2017-06-13,EGG-MUT,132,4,842.8842301184433
856,2017-06-14,BAK-BRE,123,40,470.6952410119859
857,2017-06-14,EGG-FIS,150,11,1060.6561378887598
858,2017-06-16,BAK-CAK,134,7,591.8266786504424
859,2017-06-19,EGG-EGG,71,16,294.4919572979505
860,2017-06-20,EGG-CHI,132,12,767.5388348385331
861,2017-06-20,EGG-FIS,151,11,1060.6561378887598
862,2017-06-20,EGG-MUT,133,4,842.8842301184433
863,2017-06-21,BAK-BRE,124,5,58.83690512649824
864,2017-06-21,FRU-ORG,117,22,655.2834021036294
865,2017-06-23,BAK-CAK,135,8,676.3733470290771
866,2017-06-25,EGG-CHI,133,8,511.6925565590221
867,2017-06-26,FRU-FRE,121,46,769.2610119783704
868,2017-06-26,FRU-ORG,118,9,268.0704826787575
869,2017-06-26,EGG-FIS,152,10,964.2328526261452
870,2017-06-27,EGG-MUT,134,5,1053.6052876480542
871,2017-06-28,BAK-BRE,125,56,658.9733374167803
872,2017-06-28,EGG-EGG,72,32,588.983914595901
873,2017-06-30,BAK-CAK,136,3,253.6400051359039
874,2017-07-02,EGG-CHI,134,12,767.5388348385331
875,2017-07-02,FRU-ORG,119,15,446.78413779792913
876,2017-07-02,EGG-FIS,153,10,964.2328526261452
877,2017-07-04,EGG-MUT,135,5,1053.6052876480542
878,2017-07-05,FRU-FRE,122,79,1321.1221727454624
879,2017-07-05,BAK-CAK,137,6,507.2800102718078
880,2017-07-06,BAK-BRE,126,43,505.9973840878848
881,2017-07-08,EGG-FIS,154,10,964.2328526261452
882,2017-07-10,FRU-ORG,120,15,446.78413779792913
883,2017-07-11,EGG-MUT,136,4,842.8842301184433
884,2017-07-14,FRU-FRE,123,15,250.84598216685993
885,2017-07-14,BAK-CAK,138,11,930.013352164981
886,2017-07-14,EGG-CHI,136,15,959.4235435481664
887,2017-07-14,BAK-BRE,127,8,94.13904820239718
888,2017-07-14,EGG-FIS,155,13,1253.5027084139888
889,2017-07-18,EGG-MUT,137,4,842.8842301184433
890,2017-07-19,BAK-BRE,128,19,223.5802394806933
891,2017-07-20,FRU-FRE,124,7,117.06145834453463
892,2017-07-20,EGG-FIS,156,12,1157.0794231513744
893,2017-07-21,BAK-CAK,139,8,676.3733470290771
894,2017-07-21,EGG-CHI,137,16,1023.3851131180442
895,2017-07-25,FRU-FRE,125,157,2625.521280013134
896,2017-07-25,BAK-BRE,129,25,294.18452563249116
897,2017-07-25,EGG-MUT,138,2,421.44211505922163
898,2017-07-28,BAK-CAK,140,14,1183.6533573008849
899,2017-07-28,EGG-CHI,138,17,1087.3466826879219
900,2017-07-28,EGG-FIS,157,4,385.6931410504581
901,2017-07-30,BAK-BRE,130,42,494.2300030625852
902,2017-07-31,FRU-ORG,123,69,2055.2070338704743
903,2017-07-31,EGG-FIS,158,7,674.9629968383017
904,2017-07-31,EGG-MUT,139,2,421.44211505922163
905,2017-08-03,FRU-FRE,126,148,2475.013690713018
906,2017-08-04,BAK-CAK,141,7,591.8266786504424
907,2017-08-04,EGG-CHI,139,17,1087.3466826879219
908,2017-08-05,EGG-EGG,75,45,828.2586299004857
909,2017-08-07,BAK-BRE,131,67,788.4145286950763
910,2017-08-07,FRU-ORG,124,10,297.8560918652861
911,2017-08-07,EGG-FIS,159,11,1060.6561378887598
912,2017-08-07,EGG-MUT,140,4,842.8842301184433
913,2017-08-11,BAK-CAK,142,6,507.2800102718078
914,2017-08-11,EGG-CHI,140,5,319.8078478493888
915,2017-08-12,FRU-FRE,127,58,969.9377977118584
916,2017-08-12,FRU-ORG,125,27,804.2114480362725
917,2017-08-14,EGG-MUT,141,2,421.44211505922163
918,2017-08-16,EGG-CHI,141,6,383.7694174192666
919,2017-08-18,FRU-FRE,128,34,568.5842262448825
920,2017-08-18,BAK-CAK,143,8,676.3733470290771
921,2017-08-18,FRU-ORG,126,18,536.140965357515
922,2017-08-18,EGG-FIS,161,11,1060.6561378887598
923,2017-08-20,EGG-MUT,142,1,210.72105752961082
924,2017-08-23,FRU-FRE,129,68,1137.168452489765
925,2017-08-23,EGG-CHI,142,11,703.5772652686553
926,2017-08-26,BAK-CAK,144,7,591.8266786504424
927,2017-08-26,EGG-FIS,162,11,1060.6561378887598
928,2017-08-27,BAK-BRE,134,60,706.0428615179788
929,2017-08-27,FRU-ORG,127,6,178.71365511917168
930,2017-08-30,EGG-CHI,143,11,703.5772652686553
931,2017-09-01,FRU-FRE,130,32,535.1380952893012
932,2017-09-01,EGG-FIS,163,8,771.3862821009162
933,2017-09-02,BAK-CAK,145,8,676.3733470290771
934,2017-09-02,EGG-MUT,144,4,842.8842301184433
935,2017-09-04,BAK-BRE,135,53,623.6711943408812
936,2017-09-04,FRU-ORG,128,29,863.7826664093297
937,2017-09-06,EGG-CHI,144,2,127.92313913975552
938,2017-09-07,EGG-FIS,164,6,578.5397115756872
939,2017-09-08,FRU-FRE,131,68,1137.168452489765
940,2017-09-09,BAK-CAK,146,8,676.3733470290771
941,2017-09-09,EGG-MUT,145,2,421.44211505922163
942,2017-09-12,EGG-CHI,145,10,639.6156956987776
943,2017-09-12,BAK-BRE,136,71,835.4840527962749
944,2017-09-12,FRU-ORG,129,48,1429.7092409533734
945,2017-09-13,EGG-FIS,165,8,771.3862821009162
946,2017-09-13,FOO-ATT,30,27,293.615321611274
947,2017-09-14,EGG-EGG,79,104,1914.197722436678
948,2017-09-16,BAK-CAK,147,9,760.9200154077117
949,2017-09-16,EGG-MUT,147,2,421.44211505922163
950,2017-09-17,FRU-FRE,132,59,986.660863189649
951,2017-09-19,EGG-CHI,146,9,575.6541261288999
952,2017-09-19,EGG-FIS,166,8,771.3862821009162
953,2017-09-20,BAK-BRE,137,42,494.2300030625852
954,2017-09-23,BAK-CAK,148,6,507.2800102718078
955,2017-09-23,EGG-MUT,148,3,632.1631725888325
956,2017-09-25,EGG-FIS,167,7,674.9629968383017
957,2017-09-27,FRU-ORG,131,22,655.2834021036294
958,2017-09-29,EGG-CHI,148,11,703.5772652686553
959,2017-09-29,FOO-ATT,31,74,804.7234740457138
960,2017-09-30,BAK-CAK,149,7,591.8266786504424
961,2017-09-30,EGG-MUT,149,2,421.44211505922163
962,2017-10-01,BAK-BRE,139,71,835.4840527962749
963,2017-10-01,EGG-FIS,168,8,771.3862821009162
964,2017-10-04,FRU-ORG,132,5,148.92804593264304
965,2017-10-06,EGG-CHI,149,15,959.4235435481664
966,2017-10-07,BAK-CAK,150,10,845.4666837863464
967,2017-10-07,EGG-FIS,169,10,964.2328526261452
968,2017-10-07,EGG-MUT,150,2,421.44211505922163
969,2017-10-09,FRU-FRE,135,98,1638.860416823485
970,2017-10-09,BAK-BRE,140,54,635.438575366181
971,2017-10-13,EGG-CHI,150,13,831.5004044084109
972,2017-10-13,EGG-FIS,170,9,867.8095673635307
973,2017-10-14,BAK-CAK,151,6,507.2800102718078
974,2017-10-18,FRU-FRE,136,78,1304.3991072676718
975,2017-10-20,BAK-CAK,152,7,591.8266786504424
976,2017-10-20,EGG-CHI,151,12,767.5388348385331
977,2017-10-20,FRU-ORG,135,20,595.7121837305722
978,2017-10-20,EGG-FIS,171,9,867.8095673635307
979,2017-10-20,EGG-MUT,152,5,1053.6052876480542
980,2017-10-23,BAK-BRE,142,116,1365.0161989347591
981,2017-10-27,FRU-FRE,137,66,1103.7223215341837
982,2017-10-27,BAK-CAK,153,13,1099.1066889222502
983,2017-10-27,EGG-CHI,152,9,575.6541261288999
984,2017-10-27,EGG-FIS,172,10,964.2328526261452
985,2017-10-27,EGG-MUT,153,4,842.8842301184433
986,2017-10-31,BAK-BRE,143,36,423.6257169107873
987,2017-11-02,EGG-FIS,173,8,771.3862821009162
988,2017-11-03,BAK-CAK,154,13,1099.1066889222502
989,2017-11-03,EGG-CHI,153,9,575.6541261288999
990,2017-11-03,EGG-MUT,154,1,210.72105752961082
991,2017-11-05,FRU-FRE,138,47,785.9840774561611
992,2017-11-05,BAK-BRE,144,51,600.136432290282
993,2017-11-05,FRU-ORG,137,44,1310.5668042072589
994,2017-11-08,EGG-FIS,174,13,1253.5027084139888
995,2017-11-08,EGG-EGG,83,40,736.2298932448762
996,2017-11-08,EGG-MUT,155,4,842.8842301184433
997,2017-11-10,BAK-CAK,155,12,1014.5600205436156
998,2017-11-10,EGG-CHI,154,1,63.96156956987776
999,2017-11-11,FRU-FRE,139,49,819.4302084117425
1000,2017-11-11,FOO-ATT,32,19,206.61818928200762
1001,2017-11-12,FRU-ORG,138,5,148.92804593264304
1002,2017-11-13,BAK-BRE,145,41,482.46262203728554
1003,2017-11-14,EGG-FIS,175,11,1060.6561378887598
1004,2017-11-15,EGG-MUT,156,3,632.1631725888325
1005,2017-11-16,EGG-CHI,155,10,639.6156956987776
1006,2017-11-17,BAK-CAK,156,8,676.3733470290771
1007,2017-11-19,BAK-BRE,146,35,411.85833588548763
1008,2017-11-20,EGG-FIS,176,4,385.6931410504581
1009,2017-11-21,EGG-MUT,157,1,210.72105752961082
1010,2017-11-23,EGG-CHI,156,12,767.5388348385331
1011,2017-11-24,BAK-CAK,157,8,676.3733470290771
1012,2017-11-26,EGG-MUT,158,3,632.1631725888325
1013,2017-11-27,FRU-FRE,141,138,2307.7830359351115
1014,2017-11-30,EGG-CHI,157,8,511.6925565590221
1015,2017-11-30,EGG-FIS,178,8,771.3862821009162
1016,2017-12-02,BAK-CAK,158,8,676.3733470290771
1017,2017-12-02,BAK-BRE,148,111,1306.1792938082608
1018,2017-12-02,EGG-EGG,85,12,220.86896797346287
1019,2017-12-03,FRU-ORG,141,86,2561.5623900414603
1020,2017-12-03,EGG-MUT,159,4,842.8842301184433
1021,2017-12-05,EGG-CHI,158,9,575.6541261288999
1022,2017-12-06,FRU-FRE,142,100,1672.3065477790662
1023,2017-12-06,EGG-FIS,179,1,96.42328526261453
1024,2017-12-09,BAK-CAK,159,10,845.4666837863464
1025,2017-12-11,BAK-BRE,149,18,211.81285845539364
1026,2017-12-11,EGG-FIS,180,9,867.8095673635307
1027,2017-12-11,EGG-MUT,160,5,1053.6052876480542
1028,2017-12-12,EGG-CHI,159,15,959.4235435481664
1029,2017-12-12,FRU-ORG,142,30,893.5682755958583
1030,2017-12-15,FRU-FRE,143,33,551.8611607670919
1031,2017-12-16,BAK-CAK,160,6,507.2800102718078
1032,2017-12-17,EGG-FIS,181,11,1060.6561378887598
1033,2017-12-18,FRU-ORG,143,35,1042.4963215285013
1034,2017-12-18,EGG-MUT,161,5,1053.6052876480542
1035,2017-12-19,EGG-CHI,160,3,191.8847087096333
1036,2017-12-23,BAK-BRE,151,87,1023.7621492010693
1037,2017-12-23,EGG-FIS,182,11,1060.6561378887598
1038,2017-12-24,EGG-CHI,161,5,319.8078478493888
1039,2017-12-25,EGG-MUT,162,4,842.8842301184433
1040,2017-12-27,FRU-FRE,145,102,1705.7526787346476
1041,2017-12-27,FRU-ORG,144,21,625.4977929171008
1042,2017-12-29,EGG-FIS,183,11,1060.6561378887598
1043,2017-12-31,EGG-CHI,162,14,895.4619739782886
1044,2017-12-31,BAK-BRE,152,24,282.4171446071915
1045,2018-01-01,BAK-CAK,163,7,591.8266786504424
1046,2018-01-01,EGG-MUT,163,2,421.44211505922163
1047,2018-01-04,EGG-FIS,184,11,1060.6561378887598
1048,2018-01-05,FRU-FRE,146,10,167.23065477790664
1049,2018-01-07,EGG-CHI,163,13,831.5004044084109
1050,2018-01-07,BAK-BRE,153,23,270.6497635818919
1051,2018-01-07,FRU-ORG,146,18,536.140965357515
1052,2018-01-08,BAK-CAK,164,8,676.3733470290771
1053,2018-01-10,FRU-FRE,147,8,133.7845238223253
1054,2018-01-10,EGG-FIS,185,11,1060.6561378887598
1055,2018-01-11,EGG-MUT,165,5,1053.6052876480542
1056,2018-01-15,BAK-CAK,165,1,84.54666837863464
1057,2018-01-15,FRU-ORG,147,16,476.56974698445777
1058,2018-01-16,EGG-FIS,186,11,1060.6561378887598
1059,2018-01-19,FRU-FRE,148,70,1170.6145834453464
1060,2018-01-19,EGG-CHI,165,20,1279.2313913975552
1061,2018-01-19,EGG-MUT,166,4,842.8842301184433
1062,2018-01-20,BAK-BRE,155,146,1718.0376296937484
1063,2018-01-21,BAK-CAK,166,8,676.3733470290771
1064,2018-01-22,EGG-FIS,187,4,385.6931410504581
1065,2018-01-26,EGG-CHI,166,20,1279.2313913975552
1066,2018-01-26,EGG-MUT,167,5,1053.6052876480542
1067,2018-01-27,EGG-FIS,188,3,289.2698557878436
1068,2018-01-27,FOO-ATT,35,22,239.2421139054825
1069,2018-01-28,FRU-FRE,149,166,2776.0288693132497
1070,2018-01-28,BAK-CAK,167,9,760.9200154077117
1071,2018-01-28,BAK-BRE,156,141,1659.2007245672503
1072,2018-01-28,FRU-ORG,149,59,1757.350942005188
1073,2018-01-30,EGG-EGG,90,15,276.08620996682856
1074,2018-02-02,EGG-CHI,167,18,1151.3082522577997
1075,2018-02-02,EGG-FIS,189,8,771.3862821009162
1076,2018-02-02,EGG-MUT,168,3,632.1631725888325
1077,2018-02-04,BAK-CAK,168,8,676.3733470290771
1078,2018-02-05,BAK-BRE,157,79,929.6231009986722
1079,2018-02-05,EGG-EGG,91,34,625.7954092581448
1080,2018-02-06,FRU-FRE,150,142,2374.675297846274
1081,2018-02-06,FRU-ORG,150,22,655.2834021036294
1082,2018-02-09,EGG-CHI,168,13,831.5004044084109
1083,2018-02-09,EGG-FIS,190,8,771.3862821009162
1084,2018-02-09,EGG-MUT,169,3,632.1631725888325
1085,2018-02-11,BAK-CAK,169,1,84.54666837863464
1086,2018-02-16,EGG-CHI,169,9,575.6541261288999
1087,2018-02-16,EGG-FIS,191,9,867.8095673635307
1088,2018-02-16,EGG-MUT,170,5,1053.6052876480542
1089,2018-02-17,BAK-CAK,170,8,676.3733470290771
1090,2018-02-18,BAK-BRE,159,64,753.1123856191774
1091,2018-02-18,FRU-ORG,152,93,2770.0616543471606
1092,2018-02-20,FRU-FRE,152,88,1471.6297620455782
1093,2018-02-23,EGG-CHI,170,15,959.4235435481664
1094,2018-02-23,EGG-FIS,192,8,771.3862821009162
1095,2018-02-23,EGG-MUT,171,4,842.8842301184433
1096,2018-02-24,BAK-CAK,171,12,1014.5600205436156
1097,2018-02-26,FRU-FRE,153,71,1187.337648923137
1098,2018-02-26,BAK-BRE,160,34,400.090954860188
1099,2018-02-28,FRU-ORG,153,102,3038.1321370259184
1100,2018-02-28,EGG-FIS,193,6,578.5397115756872
1101,2018-03-02,EGG-CHI,171,11,703.5772652686553
1102,2018-03-02,EGG-MUT,172,3,632.1631725888325
1103,2018-03-03,BAK-CAK,172,4,338.18667351453854
1104,2018-03-03,EGG-EGG,93,67,1233.1850711851675
1105,2018-03-05,BAK-BRE,161,28,329.48666870839014
1106,2018-03-06,EGG-FIS,194,14,1349.9259936766034
1107,2018-03-07,FRU-FRE,154,20,334.4613095558133
1108,2018-03-09,BAK-CAK,173,8,676.3733470290771
1109,2018-03-09,FRU-ORG,154,23,685.0690112901581
1110,2018-03-12,EGG-FIS,195,2,192.84657052522905
1111,2018-03-14,EGG-CHI,173,7,447.7309869891443
1112,2018-03-14,EGG-MUT,174,2,421.44211505922163
1113,2018-03-16,BAK-CAK,174,12,1014.5600205436156
1114,2018-03-17,EGG-FIS,196,11,1060.6561378887598
1115,2018-03-19,BAK-BRE,163,27,317.7192876830905
1116,2018-03-19,FRU-ORG,156,39,1161.6387582746158
1117,2018-03-23,BAK-CAK,175,12,1014.5600205436156
1118,2018-03-23,EGG-FIS,197,16,1542.7725642018324
1119,2018-03-24,EGG-MUT,176,4,842.8842301184433
1120,2018-03-25,FRU-FRE,157,111,1856.2602680347636
1121,2018-03-25,EGG-CHI,175,11,703.5772652686553
1122,2018-03-25,BAK-BRE,164,58,682.5080994673796
1123,2018-03-29,EGG-FIS,198,13,1253.5027084139888
1124,2018-03-30,BAK-CAK,176,9,760.9200154077117
1125,2018-03-30,EGG-MUT,177,1,210.72105752961082
1126,2018-04-02,EGG-CHI,176,11,703.5772652686553
1127,2018-04-02,BAK-BRE,165,20,235.34762050599295
1128,2018-04-02,FRU-ORG,158,21,625.4977929171008
1129,2018-04-03,FRU-FRE,158,47,785.9840774561611
1130,2018-04-04,EGG-FIS,199,8,771.3862821009162
1131,2018-04-06,BAK-CAK,177,2,169.09333675726927
1132,2018-04-06,EGG-MUT,178,1,210.72105752961082
1133,2018-04-08,BAK-BRE,166,53,623.6711943408812
1134,2018-04-09,EGG-CHI,177,13,831.5004044084109
1135,2018-04-09,FRU-ORG,159,16,476.56974698445777
1136,2018-04-09,EGG-FIS,200,1,96.42328526261453
1137,2018-04-12,BAK-CAK,178,2,169.09333675726927
1138,2018-04-12,EGG-MUT,179,4,842.8842301184433
1139,2018-04-14,BAK-BRE,167,21,247.1150015312926
1140,2018-04-15,EGG-FIS,201,8,771.3862821009162
1141,2018-04-16,EGG-CHI,178,12,767.5388348385331
1142,2018-04-20,BAK-CAK,179,6,507.2800102718078
1143,2018-04-20,BAK-BRE,168,97,1141.4359594540658
1144,2018-04-20,EGG-MUT,180,5,1053.6052876480542
1145,2018-04-21,FRU-FRE,161,86,1438.1836310899969
1146,2018-04-21,FRU-ORG,161,51,1519.0660685129592
1147,2018-04-21,EGG-FIS,202,9,867.8095673635307
1148,2018-04-22,EGG-EGG,99,25,460.1436832780476
1149,2018-04-23,EGG-CHI,179,12,767.5388348385331
1150,2018-04-27,BAK-CAK,180,7,591.8266786504424
1151,2018-04-27,EGG-FIS,203,9,867.8095673635307
1152,2018-04-27,EGG-MUT,181,4,842.8842301184433
1153,2018-04-28,BAK-BRE,169,110,1294.4119127829613
1154,2018-04-30,FRU-FRE,162,11,183.95372025569728
1155,2018-04-30,EGG-CHI,180,12,767.5388348385331
1156,2018-04-30,FRU-ORG,162,8,238.28487349222888
1157,2018-05-03,EGG-FIS,204,10,964.2328526261452
1158,2018-05-05,EGG-MUT,182,4,842.8842301184433
1159,2018-05-06,BAK-BRE,170,90,1059.0642922769682
1160,2018-05-06,FRU-ORG,163,58,1727.5653328186595
1161,2018-05-07,EGG-CHI,181,12,767.5388348385331
1162,2018-05-09,EGG-FIS,205,8,771.3862821009162
1163,2018-05-10,BAK-CAK,182,13,1099.1066889222502
1164,2018-05-11,FRU-FRE,164,131,2190.7215775905765
1165,2018-05-14,BAK-BRE,171,57,670.7407184420799
1166,2018-05-15,FRU-ORG,164,1,29.78560918652861
1167,2018-05-15,EGG-FIS,206,8,771.3862821009162
1168,2018-05-18,BAK-CAK,183,14,1183.6533573008849
1169,2018-05-18,EGG-MUT,184,5,1053.6052876480542
1170,2018-05-19,EGG-CHI,183,10,639.6156956987776
1171,2018-05-20,FRU-FRE,165,89,1488.352827523369
1172,2018-05-21,EGG-FIS,207,8,771.3862821009162
1173,2018-05-23,FRU-ORG,165,28,833.9970572228011
1174,2018-05-25,BAK-CAK,184,7,591.8266786504424
1175,2018-05-25,EGG-MUT,185,3,632.1631725888325
1176,2018-05-26,EGG-CHI,184,11,703.5772652686553
1177,2018-05-26,BAK-BRE,173,88,1035.529530226369
1178,2018-05-27,EGG-FIS,208,8,771.3862821009162
1179,2018-05-28,FRU-ORG,166,25,744.6402296632152
1180,2018-05-29,FRU-FRE,166,148,2475.013690713018
1181,2018-05-30,BAK-CAK,185,8,676.3733470290771
1182,2018-06-01,EGG-CHI,185,4,255.84627827951104
1183,2018-06-01,EGG-MUT,187,3,632.1631725888325
1184,2018-06-02,EGG-FIS,209,9,867.8095673635307
1185,2018-06-03,BAK-BRE,174,67,788.4145286950763
1186,2018-06-03,EGG-EGG,102,11,202.46322064234096
1187,2018-06-05,FRU-ORG,167,9,268.0704826787575
1188,2018-06-07,FRU-FRE,167,71,1187.337648923137
1189,2018-06-08,EGG-CHI,186,4,255.84627827951104
1190,2018-06-08,EGG-FIS,210,9,867.8095673635307
1191,2018-06-08,EGG-MUT,188,2,421.44211505922163
1192,2018-06-10,EGG-EGG,103,14,257.68046263570665
1193,2018-06-11,BAK-BRE,175,65,764.8797666444771
1194,2018-06-13,EGG-CHI,187,8,511.6925565590221
1195,2018-06-15,EGG-FIS,211,7,674.9629968383017
1196,2018-06-15,EGG-MUT,189,2,421.44211505922163
1197,2018-06-19,BAK-BRE,176,142,1670.9681055925498
1198,2018-06-19,EGG-FIS,212,1,96.42328526261453
1199,2018-06-20,EGG-CHI,188,10,639.6156956987776
1200,2018-06-20,FRU-ORG,169,60,1787.1365511917165
1201,2018-06-22,BAK-CAK,189,4,338.18667351453854
1202,2018-06-22,EGG-MUT,190,3,632.1631725888325
1203,2018-06-25,EGG-FIS,213,4,385.6931410504581
1204,2018-06-27,BAK-CAK,190,5,422.7333418931732
1205,2018-06-27,EGG-CHI,189,3,191.8847087096333
1206,2018-06-27,BAK-BRE,177,10,117.67381025299647
1207,2018-06-29,FRU-FRE,170,157,2625.521280013134
1208,2018-06-29,EGG-MUT,192,3,632.1631725888325
1209,2018-06-30,EGG-FIS,214,2,192.84657052522905
1210,2018-07-03,EGG-CHI,190,6,383.7694174192666
1211,2018-07-03,BAK-BRE,178,20,235.34762050599295
1212,2018-07-04,BAK-CAK,191,9,760.9200154077117
1213,2018-07-05,FRU-ORG,171,58,1727.5653328186595
1214,2018-07-05,EGG-FIS,215,6,578.5397115756872
1215,2018-07-07,EGG-MUT,193,3,632.1631725888325
1216,2018-07-08,FRU-FRE,171,123,2056.9370537682516
1217,2018-07-08,EGG-CHI,191,5,319.8078478493888
1218,2018-07-09,EGG-EGG,105,128,2355.935658383604
1219,2018-07-11,EGG-FIS,216,7,674.9629968383017
1220,2018-07-14,FRU-ORG,172,41,1221.209976647673
1221,2018-07-14,EGG-MUT,194,3,632.1631725888325
1222,2018-07-15,EGG-CHI,192,13,831.5004044084109
1223,2018-07-16,BAK-CAK,193,12,1014.5600205436156
1224,2018-07-17,FRU-FRE,172,134,2240.890774023949
1225,2018-07-17,EGG-FIS,217,8,771.3862821009162
1226,2018-07-21,BAK-BRE,181,40,470.6952410119859
1227,2018-07-21,EGG-MUT,195,3,632.1631725888325
1228,2018-07-22,EGG-CHI,193,9,575.6541261288999
1229,2018-07-23,BAK-CAK,194,7,591.8266786504424
1230,2018-07-23,FRU-ORG,173,31,923.3538847823869
1231,2018-07-23,EGG-FIS,218,16,1542.7725642018324
1232,2018-07-26,FRU-FRE,173,69,1153.8915179675557
1233,2018-07-28,BAK-CAK,195,4,338.18667351453854
1234,2018-07-28,EGG-CHI,194,1,63.96156956987776
1235,2018-07-28,BAK-BRE,182,5,58.83690512649824
1236,2018-07-28,EGG-MUT,196,2,421.44211505922163
1237,2018-07-29,EGG-FIS,219,11,1060.6561378887598
1238,2018-07-31,EGG-EGG,106,28,515.3609252714133
1239,2018-08-03,BAK-BRE,183,77,906.0883389480729
1240,2018-08-04,FRU-FRE,174,63,1053.5531251008117
1241,2018-08-04,BAK-CAK,196,11,930.013352164981
1242,2018-08-04,EGG-CHI,195,8,511.6925565590221
1243,2018-08-04,EGG-FIS,220,10,964.2328526261452
1244,2018-08-04,EGG-MUT,198,2,421.44211505922163
1245,2018-08-10,EGG-FIS,221,6,578.5397115756872
1246,2018-08-11,BAK-CAK,197,12,1014.5600205436156
1247,2018-08-11,EGG-CHI,196,8,511.6925565590221
1248,2018-08-11,BAK-BRE,184,3,35.30214307589894
1249,2018-08-12,FRU-ORG,176,45,1340.3524133937874
1250,2018-08-15,EGG-FIS,222,3,289.2698557878436
1251,2018-08-16,EGG-MUT,200,3,632.1631725888325
1252,2018-08-17,BAK-BRE,185,42,494.2300030625852
1253,2018-08-18,FRU-FRE,176,39,652.1995536338359
1254,2018-08-18,BAK-CAK,198,6,507.2800102718078
1255,2018-08-18,EGG-CHI,197,3,191.8847087096333
1256,2018-08-21,FRU-ORG,177,91,2710.4904359741035
1257,2018-08-21,EGG-FIS,223,5,482.1164263130726
1258,2018-08-23,EGG-MUT,201,1,210.72105752961082
1259,2018-08-24,BAK-CAK,199,4,338.18667351453854
1260,2018-08-24,EGG-CHI,198,6,383.7694174192666
1261,2018-08-25,BAK-BRE,186,99,1164.970721504665
1262,2018-08-26,FRU-FRE,177,59,986.660863189649
1263,2018-08-26,EGG-FIS,224,6,578.5397115756872
1264,2018-08-28,EGG-MUT,202,1,210.72105752961082
1265,2018-08-31,BAK-CAK,200,3,253.6400051359039
1266,2018-08-31,EGG-CHI,199,11,703.5772652686553
1267,2018-08-31,FRU-ORG,178,35,1042.4963215285013
1268,2018-09-01,EGG-FIS,225,11,1060.6561378887598
1269,2018-09-02,BAK-BRE,187,45,529.5321461384841
1270,2018-09-03,EGG-MUT,203,3,632.1631725888325
1271,2018-09-04,FRU-FRE,178,37,618.7534226782545
1272,2018-09-07,EGG-CHI,200,13,831.5004044084109
1273,2018-09-07,EGG-FIS,226,9,867.8095673635307
1274,2018-09-09,FRU-FRE,179,10,167.23065477790664
1275,2018-09-09,BAK-BRE,188,3,35.30214307589894
1276,2018-09-09,FRU-ORG,180,2,59.57121837305722
1277,2018-09-09,EGG-EGG,110,25,460.1436832780476
1278,2018-09-11,BAK-CAK,202,10,845.4666837863464
1279,2018-09-13,EGG-FIS,227,9,867.8095673635307
1280,2018-09-14,EGG-CHI,201,12,767.5388348385331
1281,2018-09-14,BAK-BRE,189,74,870.7861958721738
1282,2018-09-16,FRU-FRE,180,42,702.3687500672078
1283,2018-09-16,BAK-CAK,203,5,422.7333418931732
1284,2018-09-19,EGG-FIS,228,2,192.84657052522905
1285,2018-09-21,FRU-FRE,181,48,802.7071429339518
1286,2018-09-21,EGG-CHI,202,8,511.6925565590221
1287,2018-09-21,FRU-ORG,182,28,833.9970572228011
1288,2018-09-22,EGG-MUT,206,4,842.8842301184433
1289,2018-09-23,BAK-CAK,204,14,1183.6533573008849
1290,2018-09-24,EGG-FIS,229,12,1157.0794231513744
1291,2018-09-28,EGG-CHI,203,9,575.6541261288999
1292,2018-09-28,BAK-BRE,191,104,1223.8076266311632
1293,2018-09-30,FRU-FRE,182,15,250.84598216685993
1294,2018-09-30,BAK-CAK,205,13,1099.1066889222502
1295,2018-09-30,EGG-FIS,230,6,578.5397115756872
1296,2018-10-03,EGG-CHI,204,3,191.8847087096333
1297,2018-10-03,EGG-MUT,208,4,842.8842301184433
1298,2018-10-06,BAK-BRE,192,75,882.5535768974736
1299,2018-10-06,EGG-FIS,231,10,964.2328526261452
1300,2018-10-07,BAK-CAK,206,13,1099.1066889222502
1301,2018-10-07,FRU-ORG,185,49,1459.494850139902
1302,2018-10-10,EGG-CHI,205,4,255.84627827951104
1303,2018-10-10,EGG-MUT,209,4,842.8842301184433
1304,2018-10-12,FRU-FRE,184,24,401.3535714669759
1305,2018-10-12,EGG-FIS,232,9,867.8095673635307
1306,2018-10-14,BAK-CAK,207,4,338.18667351453854
1307,2018-10-16,EGG-CHI,206,9,575.6541261288999
1308,2018-10-17,EGG-FIS,233,6,578.5397115756872
1309,2018-10-17,EGG-EGG,114,41,754.6356405759981
1310,2018-10-17,EGG-MUT,210,4,842.8842301184433
1311,2018-10-19,FRU-FRE,185,151,2525.18288714639
1312,2018-10-19,BAK-BRE,194,110,1294.4119127829613
1313,2018-10-23,EGG-CHI,207,7,447.7309869891443
1314,2018-10-23,EGG-FIS,234,15,1446.3492789392178
1315,2018-10-27,BAK-BRE,195,25,294.18452563249116
1316,2018-10-28,FRU-FRE,186,89,1488.352827523369
1317,2018-10-28,FRU-ORG,188,55,1638.2085052590735
1318,2018-10-29,EGG-CHI,208,7,447.7309869891443
1319,2018-10-29,EGG-FIS,235,11,1060.6561378887598
1320,2018-10-30,BAK-CAK,210,14,1183.6533573008849
1321,2018-10-30,EGG-MUT,212,4,842.8842301184433
1322,2018-11-03,BAK-BRE,196,68,800.181909720376
1323,2018-11-04,EGG-FIS,236,11,1060.6561378887598
1324,2018-11-05,FRU-ORG,189,6,178.71365511917168
1325,2018-11-06,BAK-CAK,211,12,1014.5600205436156
1326,2018-11-06,EGG-MUT,213,4,842.8842301184433
1327,2018-11-11,EGG-CHI,210,3,191.8847087096333
1328,2018-11-11,BAK-BRE,197,33,388.32357383488835
1329,2018-11-11,EGG-FIS,237,9,867.8095673635307
1330,2018-11-13,FRU-FRE,188,113,1889.7063989903447
1331,2018-11-13,BAK-CAK,212,9,760.9200154077117
1332,2018-11-13,EGG-MUT,214,1,210.72105752961082
1333,2018-11-14,FRU-ORG,190,58,1727.5653328186595
1334,2018-11-17,BAK-BRE,198,47,553.0669081890834
1335,2018-11-17,EGG-FIS,238,7,674.9629968383017
1336,2018-11-17,EGG-EGG,117,120,2208.6896797346285
1337,2018-11-18,EGG-CHI,211,11,703.5772652686553
1338,2018-11-20,BAK-CAK,213,4,338.18667351453854
1339,2018-11-23,EGG-FIS,239,8,771.3862821009162
1340,2018-11-24,BAK-BRE,199,31,364.78881178428907
1341,2018-11-25,EGG-CHI,212,3,191.8847087096333
1342,2018-11-25,EGG-MUT,217,3,632.1631725888325
1343,2018-11-26,FRU-ORG,192,54,1608.422896072545
1344,2018-11-29,EGG-FIS,240,7,674.9629968383017
1345,2018-12-01,EGG-CHI,213,2,127.92313913975552
1346,2018-12-03,FRU-FRE,191,96,1605.4142858679036
1347,2018-12-03,BAK-BRE,200,97,1141.4359594540658
1348,2018-12-04,EGG-FIS,241,6,578.5397115756872
1349,2018-12-07,EGG-MUT,220,3,632.1631725888325
1350,2018-12-10,EGG-FIS,242,13,1253.5027084139888
1351,2018-12-11,BAK-BRE,201,78,917.8557199733725
1352,2018-12-13,FRU-FRE,192,40,668.9226191116265
1353,2018-12-13,BAK-CAK,217,8,676.3733470290771
1354,2018-12-13,EGG-CHI,215,12,767.5388348385331
1355,2018-12-14,EGG-MUT,221,3,632.1631725888325
1356,2018-12-16,EGG-FIS,243,10,964.2328526261452
1357,2018-12-16,EGG-EGG,119,4,73.62298932448762
1358,2018-12-17,FRU-ORG,195,95,2829.632872720218
1359,2018-12-18,BAK-BRE,202,14,164.74333435419507
1360,2018-12-20,FRU-FRE,193,18,301.01517860023193
1361,2018-12-20,BAK-CAK,218,9,760.9200154077117
1362,2018-12-21,EGG-MUT,222,4,842.8842301184433
1363,2018-12-22,EGG-FIS,244,14,1349.9259936766034
1364,2018-12-23,EGG-CHI,217,13,831.5004044084109
1365,2018-12-26,FRU-ORG,196,34,1012.7107123419728
1366,2018-12-27,BAK-CAK,219,7,591.8266786504424
1367,2018-12-28,EGG-FIS,245,12,1157.0794231513744
1368,2018-12-28,EGG-MUT,223,4,842.8842301184433
1369,2018-12-30,EGG-CHI,218,15,959.4235435481664
